"reply_id","user_id","full_text","view_count","bookmark_count","favorite_count","reply_count","retweet_count","quote_count","is_quote_status","lang","bookmarked","favorited","retweeted","created_at","user_mentions","name","username","first_name","last_name","location","bio","website","websites","followers_count","following_count","media_count","statuses_count","favourites_count","listed_count","fast_followers_count","normal_followers_count","followed_by","following","profile_banner_url","profile_url","avatar_url","verified","is_blue_verified","can_dm","can_media_tag","user_created_at"
"1830114927165784375","110312278","https://t.co/ZwkZekOKCW","127190",21,4179,27,499,18,false,"zxx",false,false,false,"1/9/2024, 12.26.15","","Anies Rasyid Baswedan","aniesbaswedan","Anies","Rasyid Baswedan","Indonesia","Akun resmi Anies Baswedan. Dikelola oleh tim. | 🍉 🦉","https://linktr.ee/anies.baswedan","https://linktr.ee/anies.baswedan",5324075,381,4610,16163,24037,1509,0,5324075,,false,"https://pbs.twimg.com/profile_banners/110312278/1714866149","https://www.x.com/aniesbaswedan","https://pbs.twimg.com/profile_images/1786904204558426112/jfFxRQZS_normal.jpg",false,true,true,false,"1/2/2010, 10.23.45"
"1830132181278367818","110312278","https://t.co/uvranEOfDT","117253",62,5495,71,709,48,false,"zxx",false,false,false,"1/9/2024, 13.34.48","","Anies Rasyid Baswedan","aniesbaswedan","Anies","Rasyid Baswedan","Indonesia","Akun resmi Anies Baswedan. Dikelola oleh tim. | 🍉 🦉","https://linktr.ee/anies.baswedan","https://linktr.ee/anies.baswedan",5324075,381,4610,16163,24037,1509,0,5324075,,false,"https://pbs.twimg.com/profile_banners/110312278/1714866149","https://www.x.com/aniesbaswedan","https://pbs.twimg.com/profile_images/1786904204558426112/jfFxRQZS_normal.jpg",false,true,true,false,"1/2/2010, 10.23.45"
"1831194525554876504","1656208115803770880","Tired of bunions, plantar fasciitis, and hammertoes making walking a chore? Earthtreks shoes are designed with wide feet in mind! Their spacious 25% wider toe box and supportive design alleviate pain and discomfort, allowing you to walk freely and comfortably again.","6693",0,0,0,0,0,false,"en",false,false,false,"4/9/2024, 11.56.11","","Canles","canlesofficial","Canles","","Vancouver, Canada","👣 Engineered for walking | 👟 Comfy & versatile footwear for life's adventures | 🌿 Breathable, lightweight designs","https://canles.com/","https://canles.com/",4844,2,400,1029,0,54,0,4844,,false,"https://pbs.twimg.com/profile_banners/1656208115803770880/1721211254","https://www.x.com/canlesofficial","https://pbs.twimg.com/profile_images/1666678663084150784/41oyvaiH_normal.jpg",false,false,false,false,"10/5/2023, 15.03.23"
"1830116714178363730","1334853481019056128","@aniesbaswedan Bahas apa pak?
https://t.co/0ACME1h7wa","72984",19,299,25,15,4,true,"in",false,false,false,"1/9/2024, 12.33.21","aniesbaswedan","Maudy Asmara","Mdy_Asmara1701","Maudy","Asmara","DKI Jakarta, Indonesia","Capricorn girl 💮🌺 Random Tweet 😊PORNO, SPAM AUTO GUE BLOKIR!","","",248800,1913,11750,44155,134705,52,0,248800,,false,"https://pbs.twimg.com/profile_banners/1334853481019056128/1701184923","https://www.x.com/Mdy_Asmara1701","https://pbs.twimg.com/profile_images/1603554732202553345/n_kziDFc_normal.jpg",false,true,true,false,"4/12/2020, 20.34.23"
"1830125170859917354","1334853481019056128","@aniesbaswedan Masya Allah 
https://t.co/21OiM8Etg3","60707",10,433,7,62,0,true,"in",false,false,false,"1/9/2024, 13.06.57","aniesbaswedan","Maudy Asmara","Mdy_Asmara1701","Maudy","Asmara","DKI Jakarta, Indonesia","Capricorn girl 💮🌺 Random Tweet 😊PORNO, SPAM AUTO GUE BLOKIR!","","",248800,1913,11750,44155,134705,52,0,248800,,false,"https://pbs.twimg.com/profile_banners/1334853481019056128/1701184923","https://www.x.com/Mdy_Asmara1701","https://pbs.twimg.com/profile_images/1603554732202553345/n_kziDFc_normal.jpg",false,true,true,false,"4/12/2020, 20.34.23"
"1830138036526465373","47274731","@aniesbaswedan Saat Anies Baswedan Jadi Magnet Warga di CFD Jakarta Meski Gagal Maju di Pilkada 2024

https://t.co/1XyF0Cf5wL","32128",5,307,7,38,1,false,"in",false,false,false,"1/9/2024, 13.58.04","aniesbaswedan","Okezone","okezonenews","Okezone","","Jakarta","Official account of https://t.co/qT9eCbVhMP, MNC Media Group. Follow us for breaking news, current events, stories and special reports. #LengkapCepatBeritanya","http://Okezone.com","http://Okezone.com
http://www.okezone.com",1838387,60,767857,2055941,13899,1960,0,1838387,,false,"https://pbs.twimg.com/profile_banners/47274731/1709260708","https://www.x.com/okezonenews","https://pbs.twimg.com/profile_images/1810540685612982272/xGXr0xeX_normal.jpg",false,true,true,false,"15/6/2009, 13.14.53"
"1830125754044334452","774896104412372992","@aniesbaswedan Sederhana, tapi Ridwan Kamil ga bisa 

😌😌😌","65731",11,646,16,37,3,true,"in",false,false,false,"1/9/2024, 13.09.16","aniesbaswedan","Scarlett","moscato_choco","Scarlett","","On Cloud Wine","one who never takes anything too seriously; life and herself included","","",140,316,1499,10441,1460,2,0,140,,false,"https://pbs.twimg.com/profile_banners/774896104412372992/1543667191","https://www.x.com/moscato_choco","https://pbs.twimg.com/profile_images/866592936213065728/PcBMPy_o_normal.jpg",false,true,true,false,"11/9/2016, 16.03.23"
"1830116311940370727","1599695159440322561","@aniesbaswedan Tetap melanjutkan perubahan pakk, kami semua selalu support bapak🙌","42168",0,233,3,1,0,false,"in",false,false,false,"1/9/2024, 12.31.45","aniesbaswedan","Baraaa","diabara_","Baraaa","","bara a nya 3","— Mundus Lusus Est, Si Ludere Non Vis —","","",8092,7986,465,61341,14700,2,0,8092,,false,"https://pbs.twimg.com/profile_banners/1599695159440322561/1712525837","https://www.x.com/diabara_","https://pbs.twimg.com/profile_images/1810368033053093889/c0QTY2ri_normal.jpg",false,true,true,false,"5/12/2022, 16.20.32"
"1830169111722410159","231355136","@aniesbaswedan Pramono-Rano Karno Puji Kinerja Anies Baswedan di Jakarta

https://t.co/n98NwYK4CB","21667",1,76,6,11,1,false,"in",false,false,false,"1/9/2024, 16.01.33","aniesbaswedan","SINDOnews","SINDOnews","SINDOnews","","Jakarta Pusat, DKI Jakarta","Official Twitter account of https://t.co/9zRoRiNd7U, MNC Media Group.","http://Sindonews.com","http://Sindonews.com
http://sindonews.com",410637,187,75691,1140722,5859,661,0,410637,,false,"https://pbs.twimg.com/profile_banners/231355136/1684479196","https://www.x.com/SINDOnews","https://pbs.twimg.com/profile_images/1657283286463582209/-8HSjERq_normal.jpg",false,true,false,false,"28/12/2010, 15.22.15"
"1830120642773205206","132078023","@aniesbaswedan Momen Pramono-Rano Tak Sengaja Bertemu Anies di CFD Jakarta
https://t.co/974IBajyNX","41196",4,115,2,3,0,false,"in",false,false,false,"1/9/2024, 12.48.57","aniesbaswedan","iNews","officialinews_","iNews","","iNews Tower","Akun resmi Official iNews 

TikTok: OfficialiNews
Facebook: iNews
Instagram: officialinewstv
Youtube: Official iNews","https://www.youtube.com/channel/UCoSkllfpgmFHtbVK835QaQg","https://www.youtube.com/channel/UCoSkllfpgmFHtbVK835QaQg",433995,0,54492,240348,132,644,0,433995,,false,"https://pbs.twimg.com/profile_banners/132078023/1717741189","https://www.x.com/officialinews_","https://pbs.twimg.com/profile_images/1636704614966874114/90wa1guQ_normal.jpg",false,true,false,false,"12/4/2010, 13.26.10"
"1830115879712891097","2758558144","@aniesbaswedan keren kaos nya bah","39087",2,68,2,0,0,false,"in",false,false,false,"1/9/2024, 12.30.02","aniesbaswedan","hailoe","hailoenih","hailoe","","","UTD48 • belum punya prestasi untuk ditulis di bio.

૮ ˙Ⱉ˙ ა rawr!","https://clicky.id/hailoe","https://clicky.id/hailoe",561,459,455,10438,29,1,0,561,,false,"https://pbs.twimg.com/profile_banners/2758558144/1688199743","https://www.x.com/hailoenih","https://pbs.twimg.com/profile_images/1759547896813457408/E2q2gp8x_normal.jpg",false,true,true,false,"2/9/2014, 02.38.20"
"1830121153748484557","47274731","@aniesbaswedan Bertemu Anies di CFD Senayan, Pramono: Belum Ada Pembicaraan Khusus
https://t.co/h8mjjAeI0k","33292",5,47,1,3,1,false,"in",false,false,false,"1/9/2024, 12.50.59","aniesbaswedan","Okezone","okezonenews","Okezone","","Jakarta","Official account of https://t.co/qT9eCbVhMP, MNC Media Group. Follow us for breaking news, current events, stories and special reports. #LengkapCepatBeritanya","http://Okezone.com","http://Okezone.com
http://www.okezone.com",1838387,60,767857,2055941,13899,1960,0,1838387,,false,"https://pbs.twimg.com/profile_banners/47274731/1709260708","https://www.x.com/okezonenews","https://pbs.twimg.com/profile_images/1810540685612982272/xGXr0xeX_normal.jpg",false,true,true,false,"15/6/2009, 13.14.53"
"1831194539589341238","1656208115803770880","Tired of bunions, plantar fasciitis, and hammertoes making walking a chore? Earthtreks shoes are designed with wide feet in mind! Their spacious 25% wider toe box and supportive design alleviate pain and discomfort, allowing you to walk freely and comfortably again.","6358",1,0,0,0,0,false,"en",false,false,false,"4/9/2024, 11.56.14","","Canles","canlesofficial","Canles","","Vancouver, Canada","👣 Engineered for walking | 👟 Comfy & versatile footwear for life's adventures | 🌿 Breathable, lightweight designs","https://canles.com/","https://canles.com/",4844,2,400,1029,0,54,0,4844,,false,"https://pbs.twimg.com/profile_banners/1656208115803770880/1721211254","https://www.x.com/canlesofficial","https://pbs.twimg.com/profile_images/1666678663084150784/41oyvaiH_normal.jpg",false,false,false,false,"10/5/2023, 15.03.23"
"1830141522618302795","1017270635465043968","@aniesbaswedan Jangan jaga jarak dengan masyarakat","18756",0,45,1,0,0,false,"in",false,false,false,"1/9/2024, 14.11.56","aniesbaswedan","Calon DPR","Generasiosing","Calon","DPR","Kota Surabaya, Jawa Timur","“Don’t let politics and the illusion of difference divide us”","","",2984,1621,6,8168,12363,0,0,2984,,false,"https://pbs.twimg.com/profile_banners/1017270635465043968/1713029024","https://www.x.com/Generasiosing","https://pbs.twimg.com/profile_images/1733097345456480256/IqdBxOzv_normal.jpg",false,true,false,false,"12/7/2018, 11.53.14"
"1830117332708180002","1256637410454036480","@aniesbaswedan Semangat dan sehat selalu pak 🤲🏻","39662",20,61,0,5,0,true,"in",false,false,false,"1/9/2024, 12.35.48","aniesbaswedan","Eat Simple","eatsimple_x","Eat","Simple","","Temukan harta karun makanan di akun ini 🍽️ || Business inq ? DM 📩","","",47634,2578,2513,80553,79608,56,0,47634,,false,"https://pbs.twimg.com/profile_banners/1256637410454036480/1692586714","https://www.x.com/eatsimple_x","https://pbs.twimg.com/profile_images/1693457490279837696/bJcpFj7s_normal.jpg",false,true,true,false,"3/5/2020, 00.31.33"
"1830132238538899808","1597815236408418305","@aniesbaswedan MasyaAllah Abah liat antusiasme masyarakat untuk Abah, sehat terus bah

https://t.co/c82q8JX9fl","16147",1,21,2,0,0,true,"in",false,false,false,"1/9/2024, 13.35.02","aniesbaswedan","Lala 🟠","shoping_daily","Lala","🟠","Bekasi, Jawa Barat","apa itu boros? itu namanya self reward ✨
Disclaimer‼️Review atas pemakaian PRIBADI. 
Efek atau selera kembali ke pribadi masing-masing.","","",232,195,247,8358,11688,1,0,232,,false,"https://pbs.twimg.com/profile_banners/1597815236408418305/1680667713","https://www.x.com/shoping_daily","https://pbs.twimg.com/profile_images/1793567803536240640/mg2tfpgG_normal.jpg",false,false,false,false,"30/11/2022, 11.50.28"
"1830127904744948202","1167426835463860224","@aniesbaswedan Keren pak👍","20501",1,14,0,0,0,false,"in",false,false,false,"1/9/2024, 13.17.49","aniesbaswedan","Gifunk","gifunk","Gifunk","","other side","I felt like a clown, hiding my sadness to make other people laugh.🤡 #BTC #SOL","","",965,846,13573,77581,51842,5,0,965,,false,"https://pbs.twimg.com/profile_banners/1167426835463860224/1723228971","https://www.x.com/gifunk","https://pbs.twimg.com/profile_images/1821980479148716032/kP3Vro7P_normal.jpg",false,true,true,false,"30/8/2019, 20.20.32"
"1830141445464105423","1017270635465043968","@aniesbaswedan Tetel blusukan","14982",0,4,0,0,0,false,"in",false,false,false,"1/9/2024, 14.11.37","aniesbaswedan","Calon DPR","Generasiosing","Calon","DPR","Kota Surabaya, Jawa Timur","“Don’t let politics and the illusion of difference divide us”","","",2984,1621,6,8168,12363,0,0,2984,,false,"https://pbs.twimg.com/profile_banners/1017270635465043968/1713029024","https://www.x.com/Generasiosing","https://pbs.twimg.com/profile_images/1733097345456480256/IqdBxOzv_normal.jpg",false,true,false,false,"12/7/2018, 11.53.14"
"1830242277236891930","17885887","@aniesbaswedan Sehat sehat ya pakk","6796",0,1,0,0,0,false,"in",false,false,false,"1/9/2024, 20.52.17","aniesbaswedan","Tiuz","Fahmialfaraqi","Tiuz","","Kalimantan Timur, Indonesia","akun kucing-kucingan ♡","","",292,267,2,592,121,0,0,292,,false,"https://pbs.twimg.com/profile_banners/17885887/1708135615","https://www.x.com/Fahmialfaraqi","https://pbs.twimg.com/profile_images/1758726594297016320/j25q7k9F_normal.jpg",false,true,true,false,"5/12/2008, 08.20.45"
"1830157924196630697","1384463623452385282","@aniesbaswedan Keren pak👍👍👍👍👍","11281",0,5,0,0,0,false,"in",false,false,false,"1/9/2024, 15.17.06","aniesbaswedan","गौरव सागर","proofdo","गौरव","सागर","बरेली, उप्र ","सामाजिक एवं राजनीतिक विश्लेषक ||देशहित सर्वोपरि ||
संविधान सर्वोपरि 👨‍⚖️|||||कॉल-9548034426 - 
DELED 2019~ TET CTET Qualified","","",4636,3458,871,5827,126940,0,0,4636,,false,"https://pbs.twimg.com/profile_banners/1384463623452385282/1653397459","https://www.x.com/proofdo","https://pbs.twimg.com/profile_images/1529085890995245056/VWWw-XPG_normal.jpg",false,true,false,false,"20/4/2021, 18.07.17"
"1830142379980112330","2545400612","@aniesbaswedan wew","13204",0,3,0,0,0,false,"und",false,false,false,"1/9/2024, 14.15.20","aniesbaswedan","Yuureikun","Yuureikunkun","Yuureikun","","","Random anime content sports and other japan stuff","","",1315,1036,531,17224,2306,5,0,1315,,false,"https://pbs.twimg.com/profile_banners/2545400612/1477228791","https://www.x.com/Yuureikunkun","https://pbs.twimg.com/profile_images/1824981442323230720/tuFpqDUH_normal.jpg",false,true,false,false,"4/6/2014, 13.40.38"
"1830601957561794809","1787698224394088448","@aniesbaswedan 👍🏻👍🏻👍🏻👍🏻👍🏻😊🎊","1058",0,0,0,0,0,false,"qme",false,false,false,"2/9/2024, 20.41.32","aniesbaswedan","유니퀸","eunyqueen1236","유니퀸","","","서울에서 제주로 온 제주살이맘🛬/ TSLA 주식 장기보유/세 아이 엄마👩🏻‍🌾/ 일상을 기억하려 기록 📝/필라테스/ 운동/ 여행/ 요리를 사랑하는/ 엄마.여자💐 선팔🫶🏻맞팔 환영합니다:)","","",1287,1147,121,6760,12481,6,0,1287,,false,"https://pbs.twimg.com/profile_banners/1787698224394088448/1720271008","https://www.x.com/eunyqueen1236","https://pbs.twimg.com/profile_images/1809572454882566144/EmrL9QBp_normal.jpg",false,true,true,false,"7/5/2024, 11.17.34"
"1830141002088354163","1288096548925009920","@aniesbaswedan Otw jadi jurkam Pramono","12155",0,0,3,0,0,false,"in",false,false,false,"1/9/2024, 14.09.51","aniesbaswedan","Apraa ⌘","apratamaa516","Apraa","⌘","","gimme a chanceee","","",588,0,138,5233,0,5,0,588,,false,"https://pbs.twimg.com/profile_banners/1288096548925009920/1640465743","https://www.x.com/apratamaa516","https://pbs.twimg.com/profile_images/1725799387107115008/Mf9dr_Se_normal.jpg",false,true,false,false,"28/7/2020, 19.58.52"
"1830123206734188968","1486934410754543618","@aniesbaswedan goks 🔥🔥","16253",0,0,0,0,0,true,"en",false,false,false,"1/9/2024, 12.59.09","aniesbaswedan","belalangdanau","belalangdanau","belalangdanau","","","JERSEY? CEK SOROTAN  ⬇️","","",644,682,163,4951,5435,0,0,644,,false,"https://pbs.twimg.com/profile_banners/1486934410754543618/1708439563","https://www.x.com/belalangdanau","https://pbs.twimg.com/profile_images/1757418879914254336/--2muKsg_normal.jpg",false,true,true,false,"28/1/2022, 12.29.36"
"1830118877222556073","1774405610718539776","@aniesbaswedan KEKUATAN RAKYAT 💪","12482",0,12,2,0,0,false,"in",false,false,false,"1/9/2024, 12.41.56","aniesbaswedan","TOUNDI","Toundi_12","TOUNDI","","","Uzi #MaendeleoYaSayansiNaTekinolojia#Elekroniki🖥️
#SogaZaKitaani#MaajabuYaUlimwengu","","",1594,1406,156,4767,4768,1,0,1594,,false,"https://pbs.twimg.com/profile_banners/1774405610718539776/1722348514","https://www.x.com/Toundi_12","https://pbs.twimg.com/profile_images/1825489022434832384/hzAXXyey_normal.jpg",false,true,true,false,"31/3/2024, 18.57.50"
"1830146546069090686","1092708930428563457","@aniesbaswedan Tetap melanjutkan perubahan pakk","9449",1,11,0,0,0,false,"in",false,false,false,"1/9/2024, 14.31.53","aniesbaswedan","𝐊𝐞𝐬𝐚𝐯𝐑𝐚𝐭𝐡","KesavaRath","𝐊𝐞𝐬𝐚𝐯𝐑𝐚𝐭𝐡","","Gandhadha Gudi","Here only for Daivaamsha #PawanKalyan 

Karnataka 💛❤️ 
#ViratKohli 
JAI JANASENA ✊🏼 JAI HIND 🇮🇳","","",1990,1391,2783,57682,54053,4,0,1990,,false,"https://pbs.twimg.com/profile_banners/1092708930428563457/1693150929","https://www.x.com/KesavaRath","https://pbs.twimg.com/profile_images/1750913182728933376/wcDWvWl5_normal.jpg",false,true,false,false,"5/2/2019, 15.58.05"
"1830117424659644788","1774405610718539776","@aniesbaswedan 👀👀👀👀👀‼️‼️","12217",0,1,0,0,0,false,"und",false,false,false,"1/9/2024, 12.36.10","aniesbaswedan","TOUNDI","Toundi_12","TOUNDI","","","Uzi #MaendeleoYaSayansiNaTekinolojia#Elekroniki🖥️
#SogaZaKitaani#MaajabuYaUlimwengu","","",1594,1406,156,4767,4768,1,0,1594,,false,"https://pbs.twimg.com/profile_banners/1774405610718539776/1722348514","https://www.x.com/Toundi_12","https://pbs.twimg.com/profile_images/1825489022434832384/hzAXXyey_normal.jpg",false,true,true,false,"31/3/2024, 18.57.50"
"1830146159714713813","1092708930428563457","@aniesbaswedan kami semua selalu support bapak","7536",0,1,0,0,0,false,"in",false,false,false,"1/9/2024, 14.30.21","aniesbaswedan","𝐊𝐞𝐬𝐚𝐯𝐑𝐚𝐭𝐡","KesavaRath","𝐊𝐞𝐬𝐚𝐯𝐑𝐚𝐭𝐡","","Gandhadha Gudi","Here only for Daivaamsha #PawanKalyan 

Karnataka 💛❤️ 
#ViratKohli 
JAI JANASENA ✊🏼 JAI HIND 🇮🇳","","",1990,1391,2783,57682,54053,4,0,1990,,false,"https://pbs.twimg.com/profile_banners/1092708930428563457/1693150929","https://www.x.com/KesavaRath","https://pbs.twimg.com/profile_images/1750913182728933376/wcDWvWl5_normal.jpg",false,true,false,false,"5/2/2019, 15.58.05"
"1830163773899870347","1467507227602796546","@aniesbaswedan Tuhan akan memberikan jln yg terbaik untuk pak anis .🥰","6086",1,7,2,0,0,false,"in",false,false,false,"1/9/2024, 15.40.21","aniesbaswedan","AKSHITHA REDDY","Akshitha_02","AKSHITHA","REDDY","","Broken 💔","","",887,534,106,1534,342,0,0,887,,false,"https://pbs.twimg.com/profile_banners/1467507227602796546/1724517784","https://www.x.com/Akshitha_02","https://pbs.twimg.com/profile_images/1827758044819648512/-lij89mC_normal.jpg",false,true,true,false,"5/12/2021, 21.52.48"
"1830173261365461039","1467507227602796546","@aniesbaswedan Biarkan masyarakat Indonesia yang sebenarnya menyampaikan kepada masyarakat ..","4662",1,4,0,0,0,false,"in",false,false,false,"1/9/2024, 16.18.03","aniesbaswedan","AKSHITHA REDDY","Akshitha_02","AKSHITHA","REDDY","","Broken 💔","","",887,534,106,1534,342,0,0,887,,false,"https://pbs.twimg.com/profile_banners/1467507227602796546/1724517784","https://www.x.com/Akshitha_02","https://pbs.twimg.com/profile_images/1827758044819648512/-lij89mC_normal.jpg",false,true,true,false,"5/12/2021, 21.52.48"
"1830144849070191044","1467507227602796546","@aniesbaswedan Jangan jaga jarak dengan masyarakat ...","5602",0,5,0,0,0,false,"in",false,false,false,"1/9/2024, 14.25.09","aniesbaswedan","AKSHITHA REDDY","Akshitha_02","AKSHITHA","REDDY","","Broken 💔","","",887,534,106,1534,342,0,0,887,,false,"https://pbs.twimg.com/profile_banners/1467507227602796546/1724517784","https://www.x.com/Akshitha_02","https://pbs.twimg.com/profile_images/1827758044819648512/-lij89mC_normal.jpg",false,true,true,false,"5/12/2021, 21.52.48"
"1830117523238396414","162321194","@aniesbaswedan Terima kasih atas dedikasi dan semangatnya! Kami menghargai setiap dukungan dan akan terus berusaha untuk memenuhi aspirasi. Kekuatan kita ada dalam kebersamaan.","10630",0,8,0,0,0,false,"in",false,false,false,"1/9/2024, 12.36.34","aniesbaswedan","Jaga","drop2jaga","Jaga","","Chennai, India","Belongs to Dravidian stock || Mechanical Engineer || Dhoni ரசிகன்||","","",2101,2834,656,7138,8126,0,0,2101,,false,"https://pbs.twimg.com/profile_banners/162321194/1721473204","https://www.x.com/drop2jaga","https://pbs.twimg.com/profile_images/1766340390096191488/rayypu_R_normal.jpg",false,true,false,false,"3/7/2010, 16.08.38"
"1830118351051325533","1774405610718539776","@aniesbaswedan Biarkan masyarakat Indonesia yang sebenarnya menyampaikan kepada masyarakat","10274",1,10,0,1,0,false,"in",false,false,false,"1/9/2024, 12.39.51","aniesbaswedan","TOUNDI","Toundi_12","TOUNDI","","","Uzi #MaendeleoYaSayansiNaTekinolojia#Elekroniki🖥️
#SogaZaKitaani#MaajabuYaUlimwengu","","",1594,1406,156,4767,4768,1,0,1594,,false,"https://pbs.twimg.com/profile_banners/1774405610718539776/1722348514","https://www.x.com/Toundi_12","https://pbs.twimg.com/profile_images/1825489022434832384/hzAXXyey_normal.jpg",false,true,true,false,"31/3/2024, 18.57.50"
"1830171977711304881","366514052","@aniesbaswedan MasyaAllah ikut terharu 

https://t.co/5DXd4WJgux","3992",3,4,2,2,0,true,"in",false,false,false,"1/9/2024, 16.12.57","aniesbaswedan","iva.seu 🍉","diandraptr_","iva.seu","🍉","","","","",864,544,62,9735,2047,0,0,864,,false,,"https://www.x.com/diandraptr_","https://pbs.twimg.com/profile_images/1793135514608193538/vRwo-GMD_normal.jpg",false,false,true,false,"2/9/2011, 16.33.49"
"1830115959962538052","1338433730550095873","@aniesbaswedan Pagi-pagi saya liat ini ditiktok, wajahnya polos banget pak @aniesbaswedan 
Raja jawa bukan Mulyono yaa catet 😂🤣 https://t.co/3HcZ5oBzYG","13728",19,190,11,39,6,false,"in",false,false,false,"1/9/2024, 12.30.21","aniesbaswedan; aniesbaswedan","𝐑𝐞𝐳𝐢𝐦𝐇𝐲𝐛𝐫𝐢𝐝","Hudakeyy","𝐑𝐞𝐳𝐢𝐦𝐇𝐲𝐛𝐫𝐢𝐝","","Alam_Semesta","(𝐏𝐞𝐫𝐝𝐮𝐥𝐢) 𝐍𝐨 𝐅𝐚𝐧𝐚𝐭𝐢𝐤! Apapun Partainya Selama Berpihak Untuk Rakyat Gw Dukung👌🏻","","",4934,342,2636,11335,14924,1,0,4934,,false,"https://pbs.twimg.com/profile_banners/1338433730550095873/1683628757","https://www.x.com/Hudakeyy","https://pbs.twimg.com/profile_images/1661156535706198023/T20o3Rt6_normal.jpg",false,false,true,false,"14/12/2020, 17.41.20"
"1830120291370156495","1603978502058827777","@aniesbaswedan Alhamdulillah Pak Anies Sehat Wa Afiat.
Tetap Semangat,Istiqomah dan Amanah Pak Anies.
Kami menunggu Ikhtiar anda melanjutkan perjalanan untuk berlayar dgn Bahtera yg Baru menuju Nawa Cita dlm NKRI berPancasila Berkedaulatan,BerKeadilan Sosial bagi seluruh Rakyat Indonesia. https://t.co/XaxzVN3K7E","5652",2,45,1,5,0,false,"in",false,false,false,"1/9/2024, 12.47.34","aniesbaswedan","Jihadi","RKianSantang99","Jihadi","","","وَلَا تَقُولُوا۟ لِمَن يُقْتَلُ فِى سَبِيلِ ٱللَّهِ أَمْوَٰتٌۢۚ بَلْ أَحْيَآءٌ وَلَٰكِن لَّا تَشْعُرُونَ","","",507,389,1075,55039,56249,0,0,507,,false,"https://pbs.twimg.com/profile_banners/1603978502058827777/1699531471","https://www.x.com/RKianSantang99","https://pbs.twimg.com/profile_images/1828227345460981760/Zpqy7It7_normal.jpg",false,false,true,false,"17/12/2022, 12.01.31"
"1830300822871413167","3184957849","@aniesbaswedan Perhatikan baik2 tulisan di baju Pak Anies: ""We the People"". Jadi merinding, sy baru tersadarkan, ternyata segala aksi, perbuatan bahkan pakaian dn baju yg dikenakan Pak Anies ada makna dan pesan khusus yg ingin disampaikan. Hanya org2 se-frekuensi yg bisa nangkap pesan itu. https://t.co/1YHCDYl4V2","675",0,18,0,4,1,false,"in",false,false,false,"2/9/2024, 00.44.56","aniesbaswedan","Muh. Lukman Thamrin","SinergyPTBest","Muh.","Lukman Thamrin","Bogor, Jawa Barat","Untuk hidup yang lebih baik...","https://linktr.ee/muhlukmanthamrin","https://linktr.ee/muhlukmanthamrin",237,1039,682,3962,4158,0,0,237,,false,"https://pbs.twimg.com/profile_banners/3184957849/1625720996","https://www.x.com/SinergyPTBest","https://pbs.twimg.com/profile_images/1645747791489298432/Cu2bwhsZ_normal.jpg",false,false,true,false,"4/5/2015, 14.52.19"
"1831194490821898366","1656208115803770880","Tired of bunions, plantar fasciitis, and hammertoes making walking a chore? Earthtreks shoes are designed with wide feet in mind! Their spacious 25% wider toe box and supportive design alleviate pain and discomfort, allowing you to walk freely and comfortably again.","8512",1,0,0,0,0,false,"en",false,false,false,"4/9/2024, 11.56.03","","Canles","canlesofficial","Canles","","Vancouver, Canada","👣 Engineered for walking | 👟 Comfy & versatile footwear for life's adventures | 🌿 Breathable, lightweight designs","https://canles.com/","https://canles.com/",4844,2,400,1029,0,54,0,4844,,false,"https://pbs.twimg.com/profile_banners/1656208115803770880/1721211254","https://www.x.com/canlesofficial","https://pbs.twimg.com/profile_images/1666678663084150784/41oyvaiH_normal.jpg",false,false,false,false,"10/5/2023, 15.03.23"
"1830115956078846365","1573678564939276288","@aniesbaswedan absen yg ketemu pa anies pagi ini ☝️ https://t.co/H0xZnnwllX","8348",2,141,4,7,1,false,"in",false,false,false,"1/9/2024, 12.30.20","aniesbaswedan","pablo honey","bismiIIahi","pablo","honey","","","","",122,1330,56,13054,67028,0,0,122,,false,"https://pbs.twimg.com/profile_banners/1573678564939276288/1719248402","https://www.x.com/bismiIIahi","https://pbs.twimg.com/profile_images/1739690761921400832/3JkswDzz_normal.jpg",false,false,false,false,"24/9/2022, 21.19.54"
"1830122172708499584","95860688","@aniesbaswedan Hikmah dtgnya selalu di kemudian hari 🥹🤍 Semangat trs utk menunaikan janji2 kemerdekaan di manapun berada, Pak Anies. Sehat2 selalu, barakallah 🤲🏻 https://t.co/0rVhuwsxmo","4969",1,32,1,3,0,true,"in",false,false,false,"1/9/2024, 12.55.02","aniesbaswedan","Syifa Apr","nenggsyifa","Syifa","Apr","Medan, Indonesia","Motret terus selagi ada kesempatan 💁🏻‍♀️📸","","",2035,730,4650,70395,11046,11,0,2035,,false,"https://pbs.twimg.com/profile_banners/95860688/1591498447","https://www.x.com/nenggsyifa","https://pbs.twimg.com/profile_images/1725648296251998208/ZNYGHQne_normal.jpg",false,false,true,false,"10/12/2009, 15.56.39"
"1830133667664183624","395680951","@aniesbaswedan Pak Anies, aku tadi juga di sana. You are loved by Jakarta people. Pada rebutan salaman sama minta foto 🥲 https://t.co/6i1ok7NGvQ","2726",0,34,0,2,0,false,"in",false,false,false,"1/9/2024, 13.40.43","aniesbaswedan","Valar Morghulis","selenophilinoid","Valar","Morghulis","Indonesia","a selenophile","","",1138,589,819,22189,9304,1,0,1138,,false,"https://pbs.twimg.com/profile_banners/395680951/1704989251","https://www.x.com/selenophilinoid","https://pbs.twimg.com/profile_images/1825221839779733504/yebyLzRt_normal.jpg",false,false,true,false,"22/10/2011, 09.18.46"
"1830116220198404195","375022875","@aniesbaswedan Pak Anies, saya harap program ""desak Anies"" tetap ada, meskipun cuma sebulan sekali, misalnya. Tapi saya harap program ini tetap berlanjut.","6124",1,47,7,0,0,false,"in",false,false,false,"1/9/2024, 12.31.23","aniesbaswedan","Dije Lubis","dijelubis","Dije","Lubis","Sumatera Utara, Indonesia","An ordinary mother who loves English and comics.","http://titikhujan.blogspot.com","http://titikhujan.blogspot.com",23,76,48,1183,7818,0,0,23,,false,"https://pbs.twimg.com/profile_banners/375022875/1722676775","https://www.x.com/dijelubis","https://pbs.twimg.com/profile_images/1826508099332562944/9Cch4OX5_normal.jpg",false,false,false,false,"17/9/2011, 18.09.26"
"1830115629468434495","786995660457332737","@aniesbaswedan Mas Anies akan selalu dirindukan warga Jakarta🫶🏻","7558",0,105,1,4,0,false,"in",false,false,false,"1/9/2024, 12.29.02","aniesbaswedan","Jakarta Maju Bersama","relawanJMB","Jakarta","Maju Bersama","Jakarta Capital Region","Akun resmi Relawan Jakarta Maju Bersama (JMB) | Dukung Jakarta Maju Bersama, Kawal Jakarta Bahagia | Instagram: @relawanJMB #JakartaMajuBersama #AyoBergerak","http://jakartamajubersama.com","http://jakartamajubersama.com",6044,874,609,4227,272,4,0,6044,,false,"https://pbs.twimg.com/profile_banners/786995660457332737/1479979028","https://www.x.com/relawanJMB","https://pbs.twimg.com/profile_images/1619356273434312704/2StPflyO_normal.jpg",false,false,false,false,"15/10/2016, 01.22.41"
"1830116127596560789","1452632243994652673","@aniesbaswedan Pak tolong dengan sangat, spill toko oren atau spill di mana beli kaos we the people nya yang jenengan kenakan di foto 🙏🏻","6273",0,42,3,3,0,false,"in",false,false,false,"1/9/2024, 12.31.01","aniesbaswedan","ini jamal she/her","ddaiifuku","ini","jamal she/her","🍀; SHE/HER","day6, sports, k-drama k-movie enjoyer","https://theactorispresent.kr/jung-woosung/","https://theactorispresent.kr/jung-woosung/",504,340,840,27331,1540,3,0,504,,false,"https://pbs.twimg.com/profile_banners/1452632243994652673/1722785504","https://www.x.com/ddaiifuku","https://pbs.twimg.com/profile_images/1829841193863118848/bz5vdbY4_normal.jpg",false,false,true,false,"25/10/2021, 20.45.01"
"1830485916193845377","1745256557062066177","@aniesbaswedan Nies anies @aniesbaswedan cuma jadi bahan lawakan temenmu 🤣🤣🤣🤣🤣🤣🤣

https://t.co/9jkCy7sFQD","259",0,2,2,2,1,true,"in",false,false,false,"2/9/2024, 13.00.25","aniesbaswedan; aniesbaswedan","BaksoPentol","BaksoPentol678","BaksoPentol","","Indonesia","Orang biasa NAJIS ma HOAKS •
Penggagas Gak Follow Anies 💪🤓","","",78,171,790,9859,6831,0,0,78,,false,"https://pbs.twimg.com/profile_banners/1745256557062066177/1704938800","https://www.x.com/BaksoPentol678","https://pbs.twimg.com/profile_images/1745265487708368896/OXB7S3i7_normal.jpg",false,false,false,false,"11/1/2024, 08.30.18"
"1830175120008364104","1531420107406454784","@aniesbaswedan anies pada akhirnya ada dukung pramono anung + rano karno..  pak anies tolong titip aspirasi ke mereka. buat komitmen,  kl perlu kontrak politik om. mereka siap eksekusi program sampean soal keresahan warga miskin kota.","1116",0,2,5,0,0,false,"in",false,false,false,"1/9/2024, 16.25.26","aniesbaswedan","cilox ✪","ecilox","cilox","✪","Jakarta Capital Region","Cilok bahagia aneka rasa. Pesan Tokped ~ Beli 1 Dapat 1. 𖤐","","",242,200,1213,8659,1037,1,0,242,,false,"https://pbs.twimg.com/profile_banners/1531420107406454784/1698943401","https://www.x.com/ecilox","https://pbs.twimg.com/profile_images/1753084157214048256/6BOlRTN7_normal.jpg",false,false,true,false,"31/5/2022, 06.39.53"
"1830132524796035254","1603965565638672384","@aniesbaswedan bapak sekarang lingkupnya jangan jakarta aja, sering turun kedaerah2 bapa sekarang punya basis pendukung, saya yakin kiprah bapak bisa dirasakan walau tanpa jabatan pemerintahan apapun, jgn lelah u berjuang n tetaplah seperti pa anies sekarang dgn pemikirannya, semangat pa","1934",0,10,1,1,0,false,"in",false,false,false,"1/9/2024, 13.36.10","aniesbaswedan","IndraShazaa","IndraShazaa","IndraShazaa","","","akun lama dikunci, yg mau follow2an boleh asal jangan akun penghina agama, ulama n provokator...salam kenal 🙏","","",247,396,17,6556,4210,0,0,247,,false,,"https://www.x.com/IndraShazaa","https://pbs.twimg.com/profile_images/1775404966473248768/D5CKsCTN_normal.jpg",false,false,false,false,"17/12/2022, 11.09.49"
"1830171336356086178","1455424541375696901","@aniesbaswedan Ada bagi2 sembako dan lempar2 kaos gak bah????
Kok rame banget, atau wawancara setingan sekalian, biar dunia internasional tau bah, wkwkwkwkkww","334",0,4,1,0,0,false,"in",false,false,false,"1/9/2024, 16.10.24","aniesbaswedan","Raden SyamiLL Syafi’i","Sunyisejati","Raden","SyamiLL Syafi’i","Jakarta Pusat, DKI Jakarta","Akun Baru
Yang Lama kena Suspen","","",335,881,316,6233,21897,0,0,335,,false,"https://pbs.twimg.com/profile_banners/1455424541375696901/1696729437","https://www.x.com/Sunyisejati","https://pbs.twimg.com/profile_images/1826182001331744768/qGoLzeJx_normal.jpg",false,false,false,false,"2/11/2021, 13.40.50"
"1830223402176753826","1460142601449840652","@aniesbaswedan Santun dan Harmonis. https://t.co/cxCDqLl7hy","777",0,3,2,0,0,false,"in",false,false,false,"1/9/2024, 19.37.17","aniesbaswedan","Nico Simanjuntak","Simanjunta9Nico","Nico","Simanjuntak","","","","",1592,819,6350,30606,13643,0,0,1592,,false,,"https://www.x.com/Simanjunta9Nico","https://pbs.twimg.com/profile_images/1460146654795866113/Nuta3_FP_normal.jpg",false,false,false,false,"15/11/2021, 14.08.56"
"1830139970318975439","1168102826624483329","@aniesbaswedan MasyaAllah, alhamdulillah, baarakallahu fiikum, anak"" Kakak adik org tua Abah InsyaAllah semuanya mencintai Abah, tetap bersama kami yaa bah, dlm suka maupun duka nya, semoga senantiasa Allah melindungi dan menjaga kita serta memberikan kemudahan kelapangan dan kelancaran, aamiin","1267",0,8,0,3,0,false,"in",false,false,false,"1/9/2024, 14.05.45","aniesbaswedan","ENS","ENS53311139","ENS","","","AKU LAHIR KARENA ALLAAH, 
AKU HIDUP DENGAN NAMA ALLAAH, 
AKU MATI KEMBALI KEPADA ALLAAH, 
LAA ILLAHA ILALLAH MUHAMMAD ROSULULLAH DIJIWA RAGAKU.

MUSLIM SUNNAH","","",2010,2624,2221,33954,23959,2,0,2010,,false,,"https://www.x.com/ENS53311139","https://pbs.twimg.com/profile_images/1280798865591988224/MEN8TYFv_normal.jpg",false,false,false,false,"1/9/2019, 17.06.54"
"1830447011633770901","518540606","@aniesbaswedan Maaf pak @aniesbaswedan ..dirasa perlu nanti bapak memberikan pernyataan sikap ttg apa yg harus dilakukan pendukung bapak dlm menghadapi pilkada Jakarta ini..mungkin msh banyak yg bingung bersikap..terima kasih","36",0,0,0,0,0,false,"in",false,false,false,"2/9/2024, 10.25.50","aniesbaswedan; aniesbaswedan","Rangga Mulya Adam","ranggamulyadam","Rangga","Mulya Adam","","Tidak perlu merasa malu tidak punya pacar... lebih baik hidup menjomblo sampai mendapatkan pasangan yang tepat...","","",126,811,2,874,161,0,0,126,,false,,"https://www.x.com/ranggamulyadam","https://pbs.twimg.com/profile_images/2034969600/TsMw4vA9_normal",false,false,false,false,"8/3/2012, 21.24.12"
"1830259212490092706","932463984577429504","@aniesbaswedan bikin macet aja di #carfreeday 
better kalo mau personal branding pas CFD gini 
pake izin keramaian yg resmi lha ke @DKIJakarta 
orang lain yg bukan pendukung jd terganggu tuh 
udah jeli ya melihat cara 'ngiklan dgn settingan massa, ada adegan nangis2 pula","557",0,0,6,0,0,false,"in",false,false,false,"1/9/2024, 21.59.35","aniesbaswedan; DKIJakarta","kevin william","thenamesisk","kevin","william","","","","",117,886,95,2326,682,0,0,117,,false,,"https://www.x.com/thenamesisk","https://pbs.twimg.com/profile_images/932464903566213120/fj1DaJFS_normal.jpg",false,false,false,false,"20/11/2017, 11.21.53"
"1830920268048683171","1747227590669275136","@aniesbaswedan Pak @aniesbaswedan adalah Orang Tua kami, Sosok Panutan kami, Guru Kami.

Semoga Bapak sekeluarga senantiasa beroleh nikmat sehat bahagia, beroleh berkah hidup, beroleh perlindungan &amp; bimbingan dari Allah SWT.
Aamiin.........","12",0,1,0,0,0,false,"in",false,false,false,"3/9/2024, 17.46.23","aniesbaswedan; aniesbaswedan","Saifulaja60","SaifulDagor60","Saifulaja60","","","Wakanda No More Indonesia Forever
#GakFollowPorno,⛔Penista Agama/Ulama,⛔BuzzeRp,⛔Rasis,⛔LGBT,   ⛔Hoax","","",772,786,113,1574,5347,0,0,772,,false,"https://pbs.twimg.com/profile_banners/1747227590669275136/1707802422","https://www.x.com/SaifulDagor60","https://pbs.twimg.com/profile_images/1748926244518064128/kMIJaN6w_normal.jpg",false,false,true,false,"16/1/2024, 19.03.28"
"1831194461839200412","1656208115803770880","Tired of bunions, plantar fasciitis, and hammertoes making walking a chore? Earthtreks shoes are designed with wide feet in mind! Their spacious 25% wider toe box and supportive design alleviate pain and discomfort, allowing you to walk freely and comfortably again.","6095",0,0,0,0,0,false,"en",false,false,false,"4/9/2024, 11.55.56","","Canles","canlesofficial","Canles","","Vancouver, Canada","👣 Engineered for walking | 👟 Comfy & versatile footwear for life's adventures | 🌿 Breathable, lightweight designs","https://canles.com/","https://canles.com/",4844,2,400,1029,0,54,0,4844,,false,"https://pbs.twimg.com/profile_banners/1656208115803770880/1721211254","https://www.x.com/canlesofficial","https://pbs.twimg.com/profile_images/1666678663084150784/41oyvaiH_normal.jpg",false,false,false,false,"10/5/2023, 15.03.23"
"1830148194418016608","108255807","@aniesbaswedan @opposite6892 Ini Pak @aniesbaswedan dengan paman saya dr Pontianak Kalimantan Barat. Tetap semangat Pak. https://t.co/6dXALHoxmr","1178",0,8,1,0,0,false,"in",false,false,false,"1/9/2024, 14.38.26","aniesbaswedan; opposite6892; aniesbaswedan","Along","awanxbaia","Along","","","Muslim. Suami dari seorang istri dan ayah dari dua orang anak.
Adventure is my life.
Let justice be done though the heavens fall.","http://www.facebook.com/yudi.aryadi","http://www.facebook.com/yudi.aryadi",880,875,2249,116264,52883,33,0,880,,false,"https://pbs.twimg.com/profile_banners/108255807/1517192463","https://www.x.com/awanxbaia","https://pbs.twimg.com/profile_images/1578741080912461826/aurPTha3_normal.jpg",false,false,true,false,"25/1/2010, 17.30.08"
"1830131821625090444","75376328","@aniesbaswedan Pada nanyain kaos nya tu bah @aniesbaswedan 😄..tim nya suruh cetak kaos bah, hasil penjualan buat bantu sodara"" kita yg membutuhkan","810",0,3,1,0,0,false,"in",false,false,false,"1/9/2024, 13.33.23","aniesbaswedan; aniesbaswedan","Livi","v4odDS","Livi","","","","","",9,15,0,115,7,0,0,9,,false,"https://pbs.twimg.com/profile_banners/75376328/1435500889","https://www.x.com/v4odDS","https://pbs.twimg.com/profile_images/615161429637726208/exbl05CO_normal.jpg",false,false,false,false,"19/9/2009, 03.24.43"
"1830847510429958609","870700622051368960","@aniesbaswedan Mohon maaf mas Anies, kami pun yg tak ber KTP Jakarta masih membebankan PERUBAJAN utk seluruh Indonesia bukan hanya Jakarta mas, ok for the time being yes but for the next 5yrs WE NEED YOU INDEED. You deserved to do this big Hope of Indonesian people.","23",0,0,0,0,0,false,"in",false,false,false,"3/9/2024, 12.57.16","aniesbaswedan","Okakurniawan","Okakurn54522848","Okakurniawan","","Kota Pontianak","VSOP,  I'd like to know well. to those peoples whom always knew what they will talk about./ social politics audience/ a man who need  A CHANGE for this country","","",67,414,11,194,75,0,0,67,,false,,"https://www.x.com/Okakurn54522848","https://pbs.twimg.com/profile_images/1729321172247130112/F4bgHboi_normal.jpg",false,false,false,false,"3/6/2017, 00.56.19"
"1830139286290825598","1132425764622675969","@aniesbaswedan https://t.co/y9WnPuWtkb","2239",0,62,0,2,0,true,"qme",false,false,false,"1/9/2024, 14.03.02","aniesbaswedan","BP™","BangPino__","BP™","","London, England","Manusia hanya diminta berikhtiar dengan sungguh sungguh sekuat dirinya mampu. Selebihnya biarkan Allah bekerja dengan caraNya sendiri. #MERDEKA","","",33999,307,1871,13025,7212,13,0,33999,,false,"https://pbs.twimg.com/profile_banners/1132425764622675969/1694514437","https://www.x.com/BangPino__","https://pbs.twimg.com/profile_images/1759023979342487553/Mf-zel4-_normal.jpg",false,false,false,false,"26/5/2019, 06.18.36"
"1830501601360126236","1329251058955079681","@aniesbaswedan Kalo kemarin biru, gimana kalo besok oren? Karena kalo biru kan Viking, Oren kan the Jak. 😊 https://t.co/jJWVPx4RJa","69",0,0,0,0,0,false,"in",false,false,false,"2/9/2024, 14.02.45","aniesbaswedan","Ariel Tantrum","katyusha_Aster","Ariel","Tantrum","","Noisy Mediocre","","",553,617,1576,14100,9945,0,0,553,,false,"https://pbs.twimg.com/profile_banners/1329251058955079681/1712805859","https://www.x.com/katyusha_Aster","https://pbs.twimg.com/profile_images/1830666975153971201/cldk28yU_normal.jpg",false,false,false,false,"19/11/2020, 09.32.17"
"1830207183935750526","1699235993680056320","@aniesbaswedan Awas pak, buzzer-buzzer PDIP udah mulai bergerak mem-framing dan bangun narasi kalau bpk dukung Pramono. Jangan mau dukung calon yg didukung Mulyono pak. Bilang aja tidak mendukung keduanya","142",0,0,0,0,0,false,"in",false,false,false,"1/9/2024, 18.32.50","aniesbaswedan","Hysteria","Politika2024","Hysteria","","","Pour Some Sugar On Me!","","",10,62,56,338,20,0,0,10,,false,"https://pbs.twimg.com/profile_banners/1699235993680056320/1693968473","https://www.x.com/Politika2024","https://pbs.twimg.com/profile_images/1699246104234360832/tDdTY51C_normal.jpg",false,false,false,false,"6/9/2023, 08.40.55"
"1830502883974148104","1524039120326041601","@aniesbaswedan Iya lihat Abah pengen salaman dan foto sama Abah ga bisa penuh sesak🙏 trs ketemu sama bang Doel d busway tp biasa SJ orang "" ga ngerumunin!","43",0,0,0,0,0,false,"in",false,false,false,"2/9/2024, 14.07.51","aniesbaswedan","Ade satria Ade satria","adesatria76","Ade","satria Ade satria","","","","",1,10,3,496,437,0,0,1,,false,,"https://www.x.com/adesatria76","https://pbs.twimg.com/profile_images/1524039247820312576/B6aXrDYf_normal.png",false,false,false,false,"10/5/2022, 21.50.46"
"1830149893975130170","220842716","@aniesbaswedan the real skenario Tuhan. ketika ia di khianati, ditinggal, dan jatuh serendah-rendahnya oleh manusia,maka Tuhan akan angakat derajatnya setinggi-tingginya diantara para manusia itu.","344",0,1,0,0,0,false,"in",false,false,false,"1/9/2024, 14.45.11","aniesbaswedan","HAO","Hajipoirot","HAO","","Bekasi, Jawa Barat","kurikulum berbasis oligarki","","",114,444,69,1728,3230,1,0,114,,false,"https://pbs.twimg.com/profile_banners/220842716/1435484223","https://www.x.com/Hajipoirot","https://pbs.twimg.com/profile_images/1314487222968565760/EylY-vkM_normal.jpg",false,false,false,false,"29/11/2010, 07.25.36"
"1830125958848008546","1601446965492912129","@aniesbaswedan Seperti nya udah ada yg mulai paknik pak https://t.co/TwHvYOTorr","738",0,5,2,0,0,true,"in",false,false,false,"1/9/2024, 13.10.05","aniesbaswedan","afta_ajah","afta_01","afta_ajah","","","Akun ke3
gak follow porno","","",935,1012,458,5012,3464,0,0,935,,false,"https://pbs.twimg.com/profile_banners/1601446965492912129/1709356373","https://www.x.com/afta_01","https://pbs.twimg.com/profile_images/1763794582977097728/_oMkghCA_normal.jpg",false,false,true,false,"10/12/2022, 12.22.00"
"1830290927417778607","219557374","@aniesbaswedan ""We the People""

Kalimat ini bisa ditemukan juga di Konstitusi Amerika Serikat; negara yang juga merupakan Republik seperti Indonesia.

Rakyat adalah pemegang kedaulatan negara di Republik. Pelaksananya mungkin bukan rakyat, tapi pemiliknya iya.","173",0,0,0,0,0,false,"in",false,false,false,"2/9/2024, 00.05.36","aniesbaswedan","Harry Rezqiano","HarryRezqiano","Harry","Rezqiano","Medan, SU, Indonesia","• Indonesian • Kelingking Kuroshiro • Badrats Studio • Keroverse • Lifestream Network • Videogamer • Moviegoer • Manga & Comic Reader • Anime Lover • R18 Maker","http://facebook.com/RO2NGaming","http://facebook.com/RO2NGaming",150,1438,230,5007,11284,2,0,150,,false,"https://pbs.twimg.com/profile_banners/219557374/1626856493","https://www.x.com/HarryRezqiano","https://pbs.twimg.com/profile_images/740625611509506048/D7nrMUQX_normal.jpg",false,false,true,false,"25/11/2010, 12.35.21"
"1830115697940447709","1758169487109734401","@aniesbaswedan We 😍 pak anies. Hati2 jgn percaya sama omongan partai2. Semua jd gedibal mulyono. Jgn percaya sm pdip, pura2 benci sm mulyono pdhl sehati. Smoga bpk kuat, semangat, sehat sll, dilindungi Allah SWT dan kelak pasti akan jd Presiden RI. Amin 😍","1591",0,17,1,2,0,false,"in",false,false,false,"1/9/2024, 12.29.18","aniesbaswedan","swiwi","Kiko5787","swiwi","","","","","",51,104,11,472,3296,0,0,51,,false,,"https://www.x.com/Kiko5787","https://pbs.twimg.com/profile_images/1758169632614285312/DYXav44H_normal.png",false,false,false,false,"15/2/2024, 23.41.20"
"1830245183889547348","1680875351466201088","@aniesbaswedan :(","378",0,0,1,0,0,false,"qam",false,false,false,"1/9/2024, 21.03.50","aniesbaswedan","blue wave🌊","cxndyycxn","blue","wave🌊","","hzhzh capek","","",0,138,47,3184,14550,0,0,0,,false,"https://pbs.twimg.com/profile_banners/1680875351466201088/1691857677","https://www.x.com/cxndyycxn","https://pbs.twimg.com/profile_images/1680875851620179969/Le-qZ7q2_normal.jpg",false,false,true,false,"17/7/2023, 16.41.51"
"1830125280486441269","1576749313","@aniesbaswedan Bang @_doncorleone78  bkin kaos kya pak anies banyak yg tanya tuu","1010",0,1,2,1,0,false,"in",false,false,false,"1/9/2024, 13.07.23","aniesbaswedan; _doncorleone78","imlorka","venomyst1que","imlorka","","","diantara sisi yang lain..","","",207,91,80,1284,79,0,0,207,,false,,"https://www.x.com/venomyst1que","https://pbs.twimg.com/profile_images/1741145709213270016/GLS5WCk8_normal.jpg",false,false,true,false,"8/7/2013, 11.27.36"
"1830157404925047164","1798685002194202624","@aniesbaswedan Beliau happy banget ketemu Pak Anies, tapi sayang hpnya diambil orang. https://t.co/ap270m8NCQ","1326",0,5,1,0,0,false,"in",false,false,false,"1/9/2024, 15.15.02","aniesbaswedan","west","boysfromcapital","west","","Jakarta Barat, DKI Jakarta","Forever Young","","",2,25,2,531,18,0,0,2,,false,"https://pbs.twimg.com/profile_banners/1798685002194202624/1717681439","https://www.x.com/boysfromcapital","https://pbs.twimg.com/profile_images/1798712360238223361/XLHC8yc5_normal.jpg",false,false,false,false,"6/6/2024, 18.55.13"
"1830147325966287157","1756221294818082816","@aniesbaswedan Ya Allah saking ramenya ga bisa ikutan foto sama Pak @aniesbaswedan . Untung dah  pernah swafoto pas acara resepsi anaknya Pak Sekda, di Balai Kartini. Aslinya ramah dan ganteng. https://t.co/0m8bCiRt61","1543",0,5,1,0,0,false,"in",false,false,false,"1/9/2024, 14.34.59","aniesbaswedan; aniesbaswedan","RakyatJelata","YantiHari163821","RakyatJelata","","","Fakultas Komunikasi, IISIP Jakarta  92

I'm photographer & mantan Jurnalis","","",16,55,14,1813,2441,0,0,16,,false,"https://pbs.twimg.com/profile_banners/1756221294818082816/1709808234","https://www.x.com/YantiHari163821","https://pbs.twimg.com/profile_images/1769107329994371072/ogAqYEhj_normal.jpg",false,false,true,false,"10/2/2024, 14.40.09"
"1830130915508699530","1815126398161518592","@aniesbaswedan Ketika 
Camera stand by : senyum, pelukan, ramah, dadah dadah
Ketika tidak ada kamera 😁😁😁😁😁gak ada salaman atau pelukan apalagi keramahan ya gak, Nies??? 😁😁😁😁","1871",0,0,4,0,0,false,"in",false,false,false,"1/9/2024, 13.29.47","aniesbaswedan","Daya","Daya_SG3","Daya","","","Finding Deep","","",0,13,0,88,6,0,0,0,,false,,"https://www.x.com/Daya_SG3","https://pbs.twimg.com/profile_images/1822067249395724291/WY5dQLZV_normal.jpg",false,false,false,false,"22/7/2024, 03.47.42"
"1830489416776696223","1743426477939687424","@aniesbaswedan Pak, 600 rb KTP doang mah bisa
Smg menjadi evaluasi yg baik untuk mendatang
Bapak jangan jenuh untuk berpihak pada rakyat miskin, krn itu value yg klo bapak tuker sama jabatan, semua akan ninggalin bapak.","74",0,1,0,0,0,false,"in",false,false,false,"2/9/2024, 13.14.20","aniesbaswedan","Lilimon","lilimon008","Lilimon","","","Pecinta Durian","","",17,86,46,2133,6456,0,0,17,,false,,"https://www.x.com/lilimon008","https://pbs.twimg.com/profile_images/1749034231488241664/CwGsV2-3_normal.jpg",false,false,false,false,"6/1/2024, 07.17.36"
"1830120854023520297","1521749640143532032","@aniesbaswedan Bisa bisanya dia yang di rindukan atas rido dia yang terbuang. Kalah sama yang mengaku rido tapi habis habisan menginjak menatap rendah seorang yang ga merindukannya.

Mungkin ada 1 orang yang merindukan sampai di buat jargon itu tapi dia juga yang menyilet jalan kemenangannya ha","2419",0,4,0,2,0,false,"in",false,false,false,"1/9/2024, 12.49.48","aniesbaswedan","Mas Joel","Joelio00","Mas","Joel","","Oke","","",8,54,22,398,642,0,0,8,,false,"https://pbs.twimg.com/profile_banners/1521749640143532032/1706173180","https://www.x.com/Joelio00","https://pbs.twimg.com/profile_images/1830937479610032128/jsbcs9lQ_normal.jpg",false,false,true,false,"4/5/2022, 14.12.51"
"1830491704501338453","795070437042442240","@aniesbaswedan Pendukung politik asas Value menolak keras @aniesbaswedan meng endors 1 paslon di pilkada, nnati kalau mereka berkhianat atas janji2 nya bapak di salah2 in","83",0,3,0,0,0,false,"in",false,false,false,"2/9/2024, 13.23.25","aniesbaswedan; aniesbaswedan","You Know","from_life5","You","Know","","","","",13,36,36,2576,11286,0,0,13,,false,"https://pbs.twimg.com/profile_banners/795070437042442240/1705398459","https://www.x.com/from_life5","https://pbs.twimg.com/profile_images/1749718034846269440/672qnvZs_normal.jpg",false,false,true,false,"6/11/2016, 08.08.58"
"1830148383165857949","104229525","@aniesbaswedan Simpel, sederhana dan natural tak perlu anggaran berdigit-digit, namun goals-nya dapet. Tidak semua elite mampu begini. Sehat terus Nies!","382",0,3,0,0,0,false,"in",false,false,false,"1/9/2024, 14.39.11","aniesbaswedan","tungguldhewanuraga","gubrack","tungguldhewanuraga","","yogyakarta","#PengenJaimTapiKutakbisa","http://youtube.com/tunggulnuraga","http://youtube.com/tunggulnuraga",17475,121,3692,34503,491,23,0,17475,,false,"https://pbs.twimg.com/profile_banners/104229525/1499489116","https://www.x.com/gubrack","https://pbs.twimg.com/profile_images/947348647359873024/nYWrnhty_normal.jpg",false,false,true,false,"13/1/2010, 01.06.22"
"1830739260984692919","487260472","@aniesbaswedan Sabar yaa nies. Sabar sampai 2034 nganggurnya. Selamat menikmati sakit hati selama 10 tahun","5",0,0,0,0,0,false,"in",false,false,false,"3/9/2024, 05.47.07","aniesbaswedan","Kocapse_gicol","princeofchaq","Kocapse_gicol","","indonesia","Say no to hoax","","",223,821,17,326,59,0,0,223,,false,,"https://www.x.com/princeofchaq","https://pbs.twimg.com/profile_images/779202191663861760/K9Sd19Df_normal.jpg",false,false,false,false,"9/2/2012, 12.26.50"
"1831194539589341238","1656208115803770880","Tired of bunions, plantar fasciitis, and hammertoes making walking a chore? Earthtreks shoes are designed with wide feet in mind! Their spacious 25% wider toe box and supportive design alleviate pain and discomfort, allowing you to walk freely and comfortably again.","6428",1,0,0,0,0,false,"en",false,false,false,"4/9/2024, 11.56.14","","Canles","canlesofficial","Canles","","Vancouver, Canada","👣 Engineered for walking | 👟 Comfy & versatile footwear for life's adventures | 🌿 Breathable, lightweight designs","https://canles.com/","https://canles.com/",4844,2,400,1029,0,54,0,4844,,false,"https://pbs.twimg.com/profile_banners/1656208115803770880/1721211254","https://www.x.com/canlesofficial","https://pbs.twimg.com/profile_images/1666678663084150784/41oyvaiH_normal.jpg",false,false,false,false,"10/5/2023, 15.03.23"
"1830369754626015320","752658180","@aniesbaswedan Wujudkan melalui Partai Koalisi Perubahan Indonesia (PKPIndo), Pak. Itu jalan terhormatnya daripada skdar terkesan “sensasi” sana sini. Konkrit.","120",0,0,0,0,0,false,"in",false,false,false,"2/9/2024, 05.18.50","aniesbaswedan","UM view","ulla_van17","UM","view","Kuala Lumpur ","","","",217,2297,225,4667,916,0,0,217,,false,"https://pbs.twimg.com/profile_banners/752658180/1575024795","https://www.x.com/ulla_van17","https://pbs.twimg.com/profile_images/1759646602086785027/99rT5NOX_normal.jpg",false,false,false,false,"12/8/2012, 14.21.43"
"1830732691068903857","842336775016075268","@aniesbaswedan We the People, we Love you Abah, rakyat akan bersama Mu, lawan oligarki kerakusan, Korupsi yg sdh akut di Negeri Konoha","13",0,0,0,0,0,false,"in",false,false,false,"3/9/2024, 05.21.01","aniesbaswedan","KANTONG AJAIB","dhaniarma2","KANTONG","AJAIB","","NEGERI KHAYALAN","","",46,195,289,2618,666,0,0,46,,false,,"https://www.x.com/dhaniarma2","https://pbs.twimg.com/profile_images/1569131597991133185/Cj-40zZ-_normal.jpg",false,false,false,false,"16/3/2017, 18.28.31"
"1830134671361138768","1727502804347224064","@aniesbaswedan Sebaiknya bang @ridwankamil dipertimbangkan kembali utk ketemu @Persija_Jkt the jackmania apalagi hadir di CFD","289",0,0,0,0,0,false,"in",false,false,false,"1/9/2024, 13.44.42","aniesbaswedan; ridwankamil; Persija_Jkt","mas Elon","RukiatRuki71856","mas","Elon","인도네시아는 영원히 ","entrepreneurship","","",17,288,7,655,2,0,0,17,,false,"https://pbs.twimg.com/profile_banners/1727502804347224064/1706242754","https://www.x.com/RukiatRuki71856","https://pbs.twimg.com/profile_images/1727504293987774464/qM33YTiJ_normal.jpg",false,false,false,false,"23/11/2023, 08.43.04"
"1830207788259405829","188388726","@aniesbaswedan 5 tahun waktu yang lama

Dapat eksposure publik itu susah 

Yang paling mudah ya masuk sistem atau buat partai","49",0,0,0,0,0,false,"in",false,false,false,"1/9/2024, 18.35.14","aniesbaswedan","M Irfan anshori","Irfanglen","M","Irfan anshori","Malang","Sedang jadi humas","http://www.irfananshori.com","http://www.irfananshori.com",222,359,19,3496,13,1,0,222,,false,"https://pbs.twimg.com/profile_banners/188388726/1402540153","https://www.x.com/Irfanglen","https://pbs.twimg.com/profile_images/463705400756285440/ikkYZyyo_normal.png",false,false,false,false,"8/9/2010, 23.27.58"
"1830121930948821016","1557002771760807937","@aniesbaswedan Buset pak, komposisi fotonya bagus bagus! Sebel sekaligus amaze liatnya seriusan","562",0,0,0,0,0,false,"in",false,false,false,"1/9/2024, 12.54.05","aniesbaswedan","ryosaurus","secondlymine","ryosaurus","","Jakarta Capital Region","🇮🇩 | he/him | 25+ | akun buat like foto kucing | kindly visit my art account @ryotelier12","","",77,87,139,2159,16035,0,0,77,,false,"https://pbs.twimg.com/profile_banners/1557002771760807937/1716179258","https://www.x.com/secondlymine","https://pbs.twimg.com/profile_images/1792411652115382272/cgqCnt-v_normal.jpg",false,false,true,false,"9/8/2022, 20.56.30"
"1830253980439740623","1430586252043046917","@aniesbaswedan Abah tiap minggu dateng cfd aja ya..kalo ada kampanye terselubung disana, masyrakat ga terlalu mrhatiin calon2 tsb karena cm merhatiin abah.","42",0,0,0,0,0,false,"in",false,false,false,"1/9/2024, 21.38.48","aniesbaswedan","SaosKeju","rasapikirkata","SaosKeju","","","","","",2,6,15,163,124,0,0,2,,false,,"https://www.x.com/rasapikirkata","https://pbs.twimg.com/profile_images/1730636544971862017/Gq6SVAto_normal.jpg",false,false,true,false,"26/8/2021, 00.42.07"
"1830261510133997828","790016888721985537","@aniesbaswedan sederhana tapi semua paslon ga bisa, nangis dikit saya pak liat banyak orang yg dukung pak anies. tapi mengapa semesta tida mendukung☹️","81",0,0,0,0,0,false,"in",false,false,false,"1/9/2024, 22.08.43","aniesbaswedan","a.m","antarani_hana","a.m","","","what's up?","","",831,521,170,5085,244,0,0,831,,false,"https://pbs.twimg.com/profile_banners/790016888721985537/1704074813","https://www.x.com/antarani_hana","https://pbs.twimg.com/profile_images/1741641613892595712/myvu5O6B_normal.jpg",false,false,true,false,"23/10/2016, 09.27.58"
"1830231614284251351","1680571924655767552","@aniesbaswedan Pak @aniesbaswedan bahwa politik pencitraan sudah selesai dan rakyat sudah cerdas","38",0,0,0,0,0,false,"in",false,false,false,"1/9/2024, 20.09.55","aniesbaswedan; aniesbaswedan","Jakarta Educating City","jakeducity5","Jakarta","Educating City","Jakarta Timur, DKI Jakarta","https://t.co/SJaOeP300H","http://www.sekolahkebangsaanindonesia.id","http://www.sekolahkebangsaanindonesia.id
http://www.kamproindonesia.co.id",10,120,123,897,15,0,0,10,,false,,"https://www.x.com/jakeducity5","https://pbs.twimg.com/profile_images/1685096403222380544/UPqvCjq2_normal.jpg",false,false,false,false,"16/7/2023, 20.36.31"
"1830131250776195118","632533830","@aniesbaswedan Sehat selalu pak, banyak merindukan bapak jadi pemimpin lagi","104",0,0,0,0,0,false,"in",false,false,false,"1/9/2024, 13.31.07","aniesbaswedan","Apri Wandi","apriwandi","Apri","Wandi","Indonesia","Radiohead","","",32,14,22,349,17,0,0,32,,false,"https://pbs.twimg.com/profile_banners/632533830/1623473239","https://www.x.com/apriwandi","https://pbs.twimg.com/profile_images/1651321570529538048/J-_Jyv7V_normal.jpg",false,false,false,false,"11/7/2012, 08.01.34"
"1830178932634890359","17184908","@aniesbaswedan https://t.co/CFvN03Bv4Y","1068",0,1,3,0,0,false,"qme",false,false,false,"1/9/2024, 16.40.35","aniesbaswedan","ᐻเ૮ƶ GeoHam","viczgeoham","ᐻเ૮ƶ","GeoHam","Central Java, Indonesia","GeoHam Official","https://linktr.ee/geoham","https://linktr.ee/geoham",1273,491,339,4727,7216,2,0,1273,,false,"https://pbs.twimg.com/profile_banners/17184908/1715725537","https://www.x.com/viczgeoham","https://pbs.twimg.com/profile_images/1594737015982915586/xsNFyK57_normal.jpg",false,false,true,false,"5/11/2008, 15.13.31"
"1830148497729077719","108255807","@aniesbaswedan @opposite6892 Pak @aniesbaswedan keren. https://t.co/HRAtIp6Tk8","695",0,2,1,0,0,false,"in",false,false,false,"1/9/2024, 14.39.39","aniesbaswedan; opposite6892; aniesbaswedan","Along","awanxbaia","Along","","","Muslim. Suami dari seorang istri dan ayah dari dua orang anak.
Adventure is my life.
Let justice be done though the heavens fall.","http://www.facebook.com/yudi.aryadi","http://www.facebook.com/yudi.aryadi",880,875,2249,116264,52883,33,0,880,,false,"https://pbs.twimg.com/profile_banners/108255807/1517192463","https://www.x.com/awanxbaia","https://pbs.twimg.com/profile_images/1578741080912461826/aurPTha3_normal.jpg",false,false,true,false,"25/1/2010, 17.30.08"
"1830182464603767285","170171658","@aniesbaswedan Salam PEOPLE dari JOGJA","810",0,7,1,1,0,false,"in",false,false,false,"1/9/2024, 16.54.37","aniesbaswedan","kang herry z","herry_zudianto","kang","herry z","Kota Jogja,DIY,Indonesia","Kepala Pelayan Kota Jogja 2001-2011; Pembina BW UII; Founder Margaria Grup; BHACA AWARD 2010.
 #Urip Iku Tansah Urup","","",36009,709,1585,25108,6953,58,0,36009,,false,"https://pbs.twimg.com/profile_banners/170171658/1407313331","https://www.x.com/herry_zudianto","https://pbs.twimg.com/profile_images/1304308179006701575/CJCgCqpA_normal.jpg",false,false,false,false,"24/7/2010, 10.20.54"
"1831207295952519579","1656208115803770880","Break Free from Traditional Footwear!

Our barefoot shoes designed to mimic the natural movement of your feet, they promote better posture, stronger foot muscles, and reduced foot pain. From casual strolls to epic adventures, our shoes have got you covered.","4949",0,0,0,0,0,false,"en",false,false,false,"4/9/2024, 12.46.56","","Canles","canlesofficial","Canles","","Vancouver, Canada","👣 Engineered for walking | 👟 Comfy & versatile footwear for life's adventures | 🌿 Breathable, lightweight designs","https://canles.com/","https://canles.com/",4844,2,400,1029,0,54,0,4844,,false,"https://pbs.twimg.com/profile_banners/1656208115803770880/1721211254","https://www.x.com/canlesofficial","https://pbs.twimg.com/profile_images/1666678663084150784/41oyvaiH_normal.jpg",false,false,false,false,"10/5/2023, 15.03.23"
"1830270433398276141","1621109760266493954","@aniesbaswedan Pak Anies share video begini bikin Mulyono ga enak makan, ga enak tidur, ga lancar bab 🤣🤣🤣🤣
I love you full Abah 🫶🏻","247",0,5,1,0,0,false,"in",false,false,false,"1/9/2024, 22.44.10","aniesbaswedan","Vanilla_Almadina","AntarticaSnowWW","Vanilla_Almadina","","São João da Madeira, Portugal","#GakFollowPorno | Porn lover jngan add akun ini|

orang awam yg cuma bisa like & share | akun suka-suka tergantung mood | gk suka basa-basi dn basi basi lainnya","","",3544,2753,2684,18044,39293,1,0,3544,,false,"https://pbs.twimg.com/profile_banners/1621109760266493954/1724984105","https://www.x.com/AntarticaSnowWW","https://pbs.twimg.com/profile_images/1816999351170007042/m5UxIqO9_normal.jpg",false,false,false,false,"2/2/2023, 18.35.06"
"1830491202761978243","1807231139012300800","@aniesbaswedan Semakin ABAH di dzalimi, maka ABAH akan semakin terang cahayanya, percayalah ada rencana yang lebih besar yang dipersiapkan oleh Allah SWT untuk ABAH, Amin YRA","61",0,1,0,0,0,false,"in",false,false,false,"2/9/2024, 13.21.26","aniesbaswedan","goromo showa","GoromoShowa","goromo","showa","","","","",3,9,0,1321,1943,0,0,3,,false,,"https://www.x.com/GoromoShowa","https://pbs.twimg.com/profile_images/1807234825297993728/daYNBXSU_normal.jpg",false,false,false,false,"30/6/2024, 08.54.50"
"1830118154162618473","1125235286810566656","@aniesbaswedan Kenapa terlihat natural sekali..
Kok gak ada mode setingan kayak pak mulyono yah..","817",0,6,0,0,0,false,"in",false,false,false,"1/9/2024, 12.39.04","aniesbaswedan","Be_a_Man","joppieadi999","Be_a_Man","","","baik hati","","",98,438,1757,12604,4747,0,0,98,,false,,"https://www.x.com/joppieadi999","https://pbs.twimg.com/profile_images/1428967051389923330/9W7XjAPT_normal.jpg",false,false,false,false,"6/5/2019, 10.06.13"
"1830211541712736653","1741896784526614528","@aniesbaswedan foto yg sama temen saya @puckpawww kok ga dipost pak?","172",1,0,1,0,0,false,"in",false,false,false,"1/9/2024, 18.50.09","aniesbaswedan; puckpawww","Ari","orangsingpus","Ari","","","Apake udah gede ini","","",13,49,10,1138,12204,0,0,13,,false,"https://pbs.twimg.com/profile_banners/1741896784526614528/1709032791","https://www.x.com/orangsingpus","https://pbs.twimg.com/profile_images/1741900634448871424/hAxhclZd_normal.jpg",false,false,false,false,"2/1/2024, 01.59.00"
"1830122474631282910","1603517366960209922","@aniesbaswedan Saran sj...jgn deket2 dgn cagub..nanti dikira calon jurkam.","910",0,3,1,0,0,false,"in",false,false,false,"1/9/2024, 12.56.14","aniesbaswedan","Ren widias","bu_trisno","Ren","widias","Indonesia ","Oposisi","","",232,275,290,14685,5850,0,0,232,,false,"https://pbs.twimg.com/profile_banners/1603517366960209922/1717401540","https://www.x.com/bu_trisno","https://pbs.twimg.com/profile_images/1797537672904466432/6CbU7OwX_normal.jpg",false,false,false,false,"16/12/2022, 05.30.00"
"1830169786615283802","1594654440401039361","@aniesbaswedan Sehat-sehat terus abah","512",0,1,1,0,0,false,"in",false,false,false,"1/9/2024, 16.04.14","aniesbaswedan","OscarOasis","YuliSet21688145","OscarOasis","","Indonesian moslems fighters","Muslim yang belum taat","","",42,88,59,3737,5992,0,0,42,,false,"https://pbs.twimg.com/profile_banners/1594654440401039361/1725180507","https://www.x.com/YuliSet21688145","https://pbs.twimg.com/profile_images/1789319152618143744/5hzRuNN2_normal.jpg",false,false,false,false,"21/11/2022, 18.30.43"
"1830133395264835901","1663159365120196608","@aniesbaswedan Abaaah 🫶🦉🤎  kapanpun Abah bikin ormas atau partai. Teman2 di kampus dukung Abah. 😊😊","231",0,2,0,0,0,false,"in",false,false,false,"1/9/2024, 13.39.38","aniesbaswedan","Sekar Langit","RheaZahiya","Sekar","Langit","France","Akun remahan suka2,sekedar numpang lewat 🙋‍♀️","","",667,779,1233,5140,14007,0,0,667,,false,"https://pbs.twimg.com/profile_banners/1663159365120196608/1686876767","https://www.x.com/RheaZahiya","https://pbs.twimg.com/profile_images/1753188289929179136/wk1ZqeiE_normal.jpg",false,false,true,false,"29/5/2023, 19.25.00"
"1830199762060218502","1589309513106345984","@aniesbaswedan Kasihan buzzer2 aga berkurang kerjanya...soalnya pak Anis ga ikut Pilkada.","120",0,0,0,0,0,false,"in",false,false,false,"1/9/2024, 18.03.21","aniesbaswedan","Kang_bajigur 🔻","SemutRangrangGO","Kang_bajigur","🔻","Depok, Indonesia","Free Palestine 🇮🇩 🤝 🇵🇸  | Jalani dan nikmati prosesnya.","","",155,544,1590,12014,14623,0,0,155,,false,"https://pbs.twimg.com/profile_banners/1589309513106345984/1725202998","https://www.x.com/SemutRangrangGO","https://pbs.twimg.com/profile_images/1819689928022011904/wljiQJgl_normal.jpg",false,false,true,false,"7/11/2022, 00.32.33"
"1830138132039418110","1229970072585682945","@aniesbaswedan klo kata gw mah kang @ridwankamil harusnya udh insecure duluan sih 😮‍💨","1363",0,0,1,0,0,false,"in",false,false,false,"1/9/2024, 13.58.27","aniesbaswedan; ridwankamil","mimimi","IsmiFazrin","mimimi","","","","","",12,88,11,794,180,0,0,12,,false,"https://pbs.twimg.com/profile_banners/1229970072585682945/1582204522","https://www.x.com/IsmiFazrin","https://pbs.twimg.com/profile_images/1731622793530449920/tVERorEu_normal.jpg",false,false,false,false,"19/2/2020, 10.25.08"
"1830437516354404412","1669625075761582080","@aniesbaswedan Ayo masyarakat Jakarta yang merindukan pak Anies Rasyid Baswedan,kita lawan bersama para kartel parpol, dengan gerakan coblos semua","7",0,0,0,0,0,false,"in",false,false,false,"2/9/2024, 09.48.06","aniesbaswedan","Riyal pens","RiyalP41913","Riyal","pens","","","","",14,44,10,573,35,0,0,14,,false,,"https://www.x.com/RiyalP41913","https://pbs.twimg.com/profile_images/1830993107237941248/X8w9M3EK_normal.jpg",false,false,false,false,"16/6/2023, 15.37.58"
"1830211872974635468","1816409278129078272","@aniesbaswedan Sehat sehat lahir dan bathin ya pa Anies..... Allah SWT selalu memberi berkah dan kelancaran kepada kita semua.... sama aama berjuang....semangat selalu....","92",0,0,0,0,0,false,"in",false,false,false,"1/9/2024, 18.51.28","aniesbaswedan","Ardalam","ardalam05","Ardalam","","","","","",49,16,1,549,294,0,0,49,,false,,"https://www.x.com/ardalam05","https://pbs.twimg.com/profile_images/1816410710416740352/yh6Vounj_normal.jpg",false,false,false,false,"25/7/2024, 16.45.22"